category,id,prompt,priority,status,role,screen_width,screen_height,footprint_width,footprint_height,blocks_vision,repeat_cells,isometric,source
ground,sunny_hills.meadow,T01,1,review,ground_material,,,,,,12,False,world/tilesets/sunny-hills/textures/meadow.png
ground,sunny_hills.dry_grass,T02,2,review,ground_material,,,,,,12,False,world/tilesets/sunny-hills/textures/dry-grass.png
ground,sunny_hills.dirt,T03,1,review,ground_material,,,,,,10,True,world/tilesets/sunny-hills/textures/dirt.png
ground,sunny_hills.sand,T04,2,review,ground_material,,,,,,12,True,world/tilesets/sunny-hills/textures/sand.png
ground,sunny_hills.cobblestone,T05,1,review,ground_material,,,,,,8,True,world/tilesets/sunny-hills/textures/cobblestone.png
ground,sunny_hills.ancient_paving,T06,2,review,ground_material,,,,,,8,True,world/tilesets/sunny-hills/textures/ancient-paving.png
trees,sunny_hills.tree.orange_1,O03,2,review,blocking_environment,93.92,117.1,1,1,True,,,world/tilesets/sunny-hills/sprites/trees/orange.png
trees,sunny_hills.tree.orange_2,O03,2,review,blocking_environment,101.8,130.96,1,1,True,,,world/tilesets/sunny-hills/sprites/trees/orange.png
trees,sunny_hills.tree.orange_3,O03,2,review,blocking_environment,104.19,128.57,1,1,True,,,world/tilesets/sunny-hills/sprites/trees/orange.png
trees,sunny_hills.tree.orange_4,O03,2,review,blocking_environment,90.09,128.57,1,1,True,,,world/tilesets/sunny-hills/sprites/trees/orange.png
trees,sunny_hills.tree.orange_5,O03,2,review,blocking_environment,105.38,98.93,1,1,True,,,world/tilesets/sunny-hills/sprites/trees/orange.png
trees,sunny_hills.tree.oak_1,O03,2,review,blocking_environment,124.25,154.01,1,1,True,,,world/tilesets/sunny-hills/sprites/trees/oak.png
trees,sunny_hills.tree.oak_2,O03,2,review,blocking_environment,144.81,186.23,1,1,True,,,world/tilesets/sunny-hills/sprites/trees/oak.png
trees,sunny_hills.tree.oak_3,O03,2,review,blocking_environment,171.2,179.48,1,1,True,,,world/tilesets/sunny-hills/sprites/trees/oak.png
trees,sunny_hills.tree.oak_4,O03,2,review,blocking_environment,141.44,175.8,1,1,True,,,world/tilesets/sunny-hills/sprites/trees/oak.png
trees,sunny_hills.tree.oak_5,O03,2,review,blocking_environment,138.37,146.96,1,1,True,,,world/tilesets/sunny-hills/sprites/trees/oak.png
trees,sunny_hills.tree.pomegranate_1,O03,2,review,blocking_environment,77.47,107.49,1,1,True,,,world/tilesets/sunny-hills/sprites/trees/pomegranate.png
trees,sunny_hills.tree.pomegranate_2,O03,2,review,blocking_environment,103.73,105.5,1,1,True,,,world/tilesets/sunny-hills/sprites/trees/pomegranate.png
trees,sunny_hills.tree.pomegranate_3,O03,2,review,blocking_environment,94.24,130.88,1,1,True,,,world/tilesets/sunny-hills/sprites/trees/pomegranate.png
trees,sunny_hills.tree.pomegranate_4,O03,2,review,blocking_environment,101.75,122.28,1,1,True,,,world/tilesets/sunny-hills/sprites/trees/pomegranate.png
trees,sunny_hills.tree.pomegranate_5,O03,2,review,blocking_environment,89.83,104.62,1,1,True,,,world/tilesets/sunny-hills/sprites/trees/pomegranate.png
trees,sunny_hills.tree.fig_1,O03,2,review,blocking_environment,88.93,136.6,1,1,True,,,world/tilesets/sunny-hills/sprites/trees/fig.png
trees,sunny_hills.tree.fig_2,O03,2,review,blocking_environment,139.67,122.66,1,1,True,,,world/tilesets/sunny-hills/sprites/trees/fig.png
trees,sunny_hills.tree.fig_3,O03,2,review,blocking_environment,130.19,156.12,1,1,True,,,world/tilesets/sunny-hills/sprites/trees/fig.png
trees,sunny_hills.tree.fig_4,O03,2,review,blocking_environment,127.68,138.27,1,1,True,,,world/tilesets/sunny-hills/sprites/trees/fig.png
trees,sunny_hills.tree.fig_5,O03,2,review,blocking_environment,112.63,119.6,1,1,True,,,world/tilesets/sunny-hills/sprites/trees/fig.png
trees,sunny_hills.tree.cypress_1,O03,1,review,blocking_environment,45.37,183.73,1,1,True,,,world/tilesets/sunny-hills/sprites/trees/cypress.png
trees,sunny_hills.tree.cypress_2,O03,2,review,blocking_environment,69.6,193.03,1,1,True,,,world/tilesets/sunny-hills/sprites/trees/cypress.png
trees,sunny_hills.tree.cypress_3,O03,2,review,blocking_environment,89.61,194.72,1,1,True,,,world/tilesets/sunny-hills/sprites/trees/cypress.png
trees,sunny_hills.tree.cypress_4,O03,2,review,blocking_environment,60.87,192.18,1,1,True,,,world/tilesets/sunny-hills/sprites/trees/cypress.png
trees,sunny_hills.tree.cypress_5,O03,2,review,blocking_environment,73.55,196.13,1,1,True,,,world/tilesets/sunny-hills/sprites/trees/cypress.png
trees,sunny_hills.tree.lemon_1,O03,2,review,blocking_environment,93.57,103.73,1,1,True,,,world/tilesets/sunny-hills/sprites/trees/lemon.png
trees,sunny_hills.tree.lemon_2,O03,2,review,blocking_environment,95.93,119.09,1,1,True,,,world/tilesets/sunny-hills/sprites/trees/lemon.png
trees,sunny_hills.tree.lemon_3,O03,2,review,blocking_environment,97.35,105.62,1,1,True,,,world/tilesets/sunny-hills/sprites/trees/lemon.png
trees,sunny_hills.tree.lemon_4,O03,2,review,blocking_environment,96.88,125.95,1,1,True,,,world/tilesets/sunny-hills/sprites/trees/lemon.png
trees,sunny_hills.tree.lemon_5,O03,2,review,blocking_environment,98.06,86.01,1,1,True,,,world/tilesets/sunny-hills/sprites/trees/lemon.png
trees,sunny_hills.tree.olive_1,O03,1,review,blocking_environment,109.25,122.83,1,1,True,,,world/tilesets/sunny-hills/sprites/trees/olive.png
trees,sunny_hills.tree.olive_2,O03,2,review,blocking_environment,128.77,126.51,1,1,True,,,world/tilesets/sunny-hills/sprites/trees/olive.png
trees,sunny_hills.tree.olive_3,O03,2,review,blocking_environment,107.26,151.13,1,1,True,,,world/tilesets/sunny-hills/sprites/trees/olive.png
trees,sunny_hills.tree.olive_4,O03,2,review,blocking_environment,123.97,135.57,1,1,True,,,world/tilesets/sunny-hills/sprites/trees/olive.png
trees,sunny_hills.tree.olive_5,O03,2,review,blocking_environment,115.47,130.47,1,1,True,,,world/tilesets/sunny-hills/sprites/trees/olive.png
trees,sunny_hills.tree.stone_pine_1,O03,2,review,blocking_environment,166.68,194.6,1,1,True,,,world/tilesets/sunny-hills/sprites/trees/stone-pine.png
trees,sunny_hills.tree.stone_pine_2,O03,2,review,blocking_environment,181.65,188.12,1,1,True,,,world/tilesets/sunny-hills/sprites/trees/stone-pine.png
trees,sunny_hills.tree.stone_pine_3,O03,2,review,blocking_environment,195.81,194.19,1,1,True,,,world/tilesets/sunny-hills/sprites/trees/stone-pine.png
trees,sunny_hills.tree.stone_pine_4,O03,2,review,blocking_environment,177.61,184.08,1,1,True,,,world/tilesets/sunny-hills/sprites/trees/stone-pine.png
trees,sunny_hills.tree.stone_pine_5,O03,2,review,blocking_environment,182.06,196.62,1,1,True,,,world/tilesets/sunny-hills/sprites/trees/stone-pine.png
shrubs,sunny_hills.shrub.laurel_1,O04,2,review,cosmetic,74.07,55,1,1,False,,,world/tilesets/sunny-hills/sprites/shrubs.png
shrubs,sunny_hills.shrub.laurel_2,O04,2,review,cosmetic,52.89,55,1,1,False,,,world/tilesets/sunny-hills/sprites/shrubs.png
shrubs,sunny_hills.shrub.laurel_3,O04,2,review,cosmetic,71.25,55,1,1,False,,,world/tilesets/sunny-hills/sprites/shrubs.png
shrubs,sunny_hills.shrub.laurel_4,O04,2,review,cosmetic,70.31,55,1,1,False,,,world/tilesets/sunny-hills/sprites/shrubs.png
shrubs,sunny_hills.shrub.laurel_5,O04,2,review,cosmetic,40.73,55,1,1,False,,,world/tilesets/sunny-hills/sprites/shrubs.png
shrubs,sunny_hills.shrub.myrtle_1,O04,2,review,cosmetic,76,46.88,1,1,False,,,world/tilesets/sunny-hills/sprites/shrubs.png
shrubs,sunny_hills.shrub.myrtle_2,O04,2,review,cosmetic,59.63,55,1,1,False,,,world/tilesets/sunny-hills/sprites/shrubs.png
shrubs,sunny_hills.shrub.myrtle_3,O04,2,review,cosmetic,70.21,55,1,1,False,,,world/tilesets/sunny-hills/sprites/shrubs.png
shrubs,sunny_hills.shrub.myrtle_4,O04,2,review,cosmetic,76,50.47,1,1,False,,,world/tilesets/sunny-hills/sprites/shrubs.png
shrubs,sunny_hills.shrub.myrtle_5,O04,2,review,cosmetic,62.67,55,1,1,False,,,world/tilesets/sunny-hills/sprites/shrubs.png
shrubs,sunny_hills.shrub.rosemary_1,O04,2,review,cosmetic,76,49.42,1,1,False,,,world/tilesets/sunny-hills/sprites/shrubs.png
shrubs,sunny_hills.shrub.rosemary_2,O04,2,review,cosmetic,54.14,55,1,1,False,,,world/tilesets/sunny-hills/sprites/shrubs.png
shrubs,sunny_hills.shrub.rosemary_3,O04,2,review,cosmetic,68.6,55,1,1,False,,,world/tilesets/sunny-hills/sprites/shrubs.png
shrubs,sunny_hills.shrub.rosemary_4,O04,2,review,cosmetic,76,52.14,1,1,False,,,world/tilesets/sunny-hills/sprites/shrubs.png
shrubs,sunny_hills.shrub.rosemary_5,O04,2,review,cosmetic,46.39,55,1,1,False,,,world/tilesets/sunny-hills/sprites/shrubs.png
shrubs,sunny_hills.shrub.juniper_1,O04,2,review,cosmetic,76,48.66,1,1,False,,,world/tilesets/sunny-hills/sprites/shrubs.png
shrubs,sunny_hills.shrub.juniper_2,O04,2,review,cosmetic,54.71,55,1,1,False,,,world/tilesets/sunny-hills/sprites/shrubs.png
shrubs,sunny_hills.shrub.juniper_3,O04,2,review,cosmetic,74.43,55,1,1,False,,,world/tilesets/sunny-hills/sprites/shrubs.png
shrubs,sunny_hills.shrub.juniper_4,O04,2,review,cosmetic,76,39.65,1,1,False,,,world/tilesets/sunny-hills/sprites/shrubs.png
shrubs,sunny_hills.shrub.juniper_5,O04,2,review,cosmetic,59.76,55,1,1,False,,,world/tilesets/sunny-hills/sprites/shrubs.png
shrubs,sunny_hills.shrub.oleander_1,O04,2,review,cosmetic,76,54.66,1,1,False,,,world/tilesets/sunny-hills/sprites/shrubs.png
shrubs,sunny_hills.shrub.oleander_2,O04,2,review,cosmetic,62.57,55,1,1,False,,,world/tilesets/sunny-hills/sprites/shrubs.png
shrubs,sunny_hills.shrub.oleander_3,O04,2,review,cosmetic,74.09,55,1,1,False,,,world/tilesets/sunny-hills/sprites/shrubs.png
shrubs,sunny_hills.shrub.oleander_4,O04,2,review,cosmetic,76,41.31,1,1,False,,,world/tilesets/sunny-hills/sprites/shrubs.png
shrubs,sunny_hills.shrub.oleander_5,O04,2,review,cosmetic,62.67,55,1,1,False,,,world/tilesets/sunny-hills/sprites/shrubs.png
rocks,sunny_hills.rock.small_1,O07,2,review,cosmetic,65.22,48,1,1,False,,,world/tilesets/sunny-hills/sprites/rocks-small.png
rocks,sunny_hills.rock.small_2,O07,2,review,cosmetic,64.98,48,1,1,False,,,world/tilesets/sunny-hills/sprites/rocks-small.png
rocks,sunny_hills.rock.small_3,O07,2,review,cosmetic,76,42.36,1,1,False,,,world/tilesets/sunny-hills/sprites/rocks-small.png
rocks,sunny_hills.rock.small_4,O07,2,review,cosmetic,65.33,48,1,1,False,,,world/tilesets/sunny-hills/sprites/rocks-small.png
rocks,sunny_hills.rock.small_5,O07,2,review,cosmetic,66.46,48,1,1,False,,,world/tilesets/sunny-hills/sprites/rocks-small.png
rocks,sunny_hills.rock.small_6,O07,2,review,cosmetic,72.73,48,1,1,False,,,world/tilesets/sunny-hills/sprites/rocks-small.png
rocks,sunny_hills.rock.small_7,O07,2,review,cosmetic,69.9,48,1,1,False,,,world/tilesets/sunny-hills/sprites/rocks-small.png
rocks,sunny_hills.rock.small_8,O07,2,review,cosmetic,60.05,48,1,1,False,,,world/tilesets/sunny-hills/sprites/rocks-small.png
rocks,sunny_hills.rock.small_9,O07,2,review,cosmetic,74.04,48,1,1,False,,,world/tilesets/sunny-hills/sprites/rocks-small.png
rocks,sunny_hills.rock.small_10,O07,2,review,cosmetic,76,46.67,1,1,False,,,world/tilesets/sunny-hills/sprites/rocks-small.png
rocks,sunny_hills.rock.small_11,O07,2,review,cosmetic,53.43,48,1,1,False,,,world/tilesets/sunny-hills/sprites/rocks-small.png
rocks,sunny_hills.rock.small_12,O07,2,review,cosmetic,65.47,48,1,1,False,,,world/tilesets/sunny-hills/sprites/rocks-small.png
rocks,sunny_hills.rock.small_13,O07,2,review,cosmetic,76,45.8,1,1,False,,,world/tilesets/sunny-hills/sprites/rocks-small.png
rocks,sunny_hills.rock.small_14,O07,2,review,cosmetic,61.47,48,1,1,False,,,world/tilesets/sunny-hills/sprites/rocks-small.png
rocks,sunny_hills.rock.small_15,O07,2,review,cosmetic,68.11,48,1,1,False,,,world/tilesets/sunny-hills/sprites/rocks-small.png
rocks,sunny_hills.rock.medium_1,O07,2,review,blocking_environment,152,125.25,2,2,True,,,world/tilesets/sunny-hills/sprites/rocks-medium.png
rocks,sunny_hills.rock.medium_2,O07,2,review,blocking_environment,152,120.59,2,2,True,,,world/tilesets/sunny-hills/sprites/rocks-medium.png
rocks,sunny_hills.rock.medium_3,O07,2,review,blocking_environment,152,118.45,2,2,True,,,world/tilesets/sunny-hills/sprites/rocks-medium.png
rocks,sunny_hills.rock.medium_4,O07,2,review,blocking_environment,152,113.56,2,2,True,,,world/tilesets/sunny-hills/sprites/rocks-medium.png
rocks,sunny_hills.rock.medium_5,O07,2,review,blocking_environment,152,122.39,2,2,True,,,world/tilesets/sunny-hills/sprites/rocks-medium.png
rocks,sunny_hills.rock.medium_6,O07,2,review,blocking_environment,152,130.33,2,2,True,,,world/tilesets/sunny-hills/sprites/rocks-medium.png
rocks,sunny_hills.rock.large_1,O07,2,review,blocking_environment,228,219.52,3,3,True,,,world/tilesets/sunny-hills/sprites/rocks-large.png
rocks,sunny_hills.rock.large_2,O07,2,review,blocking_environment,228,213.41,3,3,True,,,world/tilesets/sunny-hills/sprites/rocks-large.png
rocks,sunny_hills.rock.large_3,O07,2,review,blocking_environment,224.19,228,3,3,True,,,world/tilesets/sunny-hills/sprites/rocks-large.png
rocks,sunny_hills.rock.large_4,O07,2,review,blocking_environment,228,221.69,3,3,True,,,world/tilesets/sunny-hills/sprites/rocks-large.png
rocks,sunny_hills.rock.large_5,O07,2,review,blocking_environment,228,211.15,3,3,True,,,world/tilesets/sunny-hills/sprites/rocks-large.png
rocks,sunny_hills.rock.large_6,O07,2,review,blocking_environment,228,213.95,3,3,True,,,world/tilesets/sunny-hills/sprites/rocks-large.png
coast,sunny_hills.coast.boulders,O08,3,review,blocking_environment,76,56.04,1,1,True,,,world/tilesets/sunny-hills/sprites/coast-props.png
coast,sunny_hills.coast.scrub_rock,O08,3,review,blocking_environment,76,72.59,1,1,True,,,world/tilesets/sunny-hills/sprites/coast-props.png
coast,sunny_hills.coast.boat,O08,3,review,blocking_environment,76,59.61,1,1,True,,,world/tilesets/sunny-hills/sprites/coast-props.png
coast,sunny_hills.coast.mooring,O08,3,review,blocking_environment,64.29,76,1,1,True,,,world/tilesets/sunny-hills/sprites/coast-props.png
coast,sunny_hills.coast.cargo,O08,3,review,blocking_environment,76,67.17,1,1,True,,,world/tilesets/sunny-hills/sprites/coast-props.png
coast,sunny_hills.coast.fishing_nets,O08,3,review,blocking_environment,76,67.7,1,1,True,,,world/tilesets/sunny-hills/sprites/coast-props.png
coast,sunny_hills.coast.broken_amphora,O08,3,review,cosmetic,76,67.08,1,1,False,,,world/tilesets/sunny-hills/sprites/coast-props.png
coast,sunny_hills.coast.driftwood,O08,3,review,cosmetic,76,50.27,1,1,False,,,world/tilesets/sunny-hills/sprites/coast-props.png
coast,sunny_hills.coast.cairn,O08,3,review,blocking_environment,76.0,76,1,1,True,,,world/tilesets/sunny-hills/sprites/coast-props.png
coast,sunny_hills.coast.dune_grass,O08,3,review,cosmetic,76,72.2,1,1,False,,,world/tilesets/sunny-hills/sprites/coast-props.png
coast,sunny_hills.coast.shell,O08,3,review,cosmetic,74.87,76,1,1,False,,,world/tilesets/sunny-hills/sprites/coast-props.png
coast,sunny_hills.coast.starfish,O08,3,review,cosmetic,76,61.63,1,1,False,,,world/tilesets/sunny-hills/sprites/coast-props.png
coast,sunny_hills.coast.coral,O08,3,review,cosmetic,76,70.13,1,1,False,,,world/tilesets/sunny-hills/sprites/coast-props.png
coast,sunny_hills.coast.kelp,O08,3,review,cosmetic,76,72.81,1,1,False,,,world/tilesets/sunny-hills/sprites/coast-props.png
coast,sunny_hills.coast.mossy_rock,O08,3,review,blocking_environment,76,58.59,1,1,True,,,world/tilesets/sunny-hills/sprites/coast-props.png
ruins,sunny_hills.ruin.masonry.column,O09,3,review,blocking_environment,76,93.7,1,1,True,,,world/tilesets/sunny-hills/sprites/ruins-masonry.png
ruins,sunny_hills.ruin.masonry.column_stump,O09,3,review,blocking_environment,76,65.89,1,1,True,,,world/tilesets/sunny-hills/sprites/ruins-masonry.png
ruins,sunny_hills.ruin.masonry.altar,O09,3,review,blocking_environment,76,78.35,1,1,True,,,world/tilesets/sunny-hills/sprites/ruins-masonry.png
ruins,sunny_hills.ruin.masonry.arch,O09,3,review,blocking_environment,76,79.65,1,1,True,,,world/tilesets/sunny-hills/sprites/ruins-masonry.png
ruins,sunny_hills.ruin.masonry.broken_wall,O09,3,review,blocking_environment,76,69.81,1,1,True,,,world/tilesets/sunny-hills/sprites/ruins-masonry.png
ruins,sunny_hills.ruin.masonry.rubble,O09,3,review,cosmetic,76,49.55,1,1,False,,,world/tilesets/sunny-hills/sprites/ruins-masonry.png
ruins,sunny_hills.ruin.masonry.open_arch,O09,3,review,blocking_environment,76,90.06,1,1,True,,,world/tilesets/sunny-hills/sprites/ruins-masonry.png
ruins,sunny_hills.ruin.masonry.wall_corner,O09,3,review,blocking_environment,76,66.25,1,1,True,,,world/tilesets/sunny-hills/sprites/ruins-masonry.png
ruins,sunny_hills.ruin.masonry.balustrade,O09,3,review,blocking_environment,76,69.36,1,1,True,,,world/tilesets/sunny-hills/sprites/ruins-masonry.png
ruins,sunny_hills.ruin.masonry.steps,O09,3,review,cosmetic,76,60.01,1,1,False,,,world/tilesets/sunny-hills/sprites/ruins-masonry.png
ruins,sunny_hills.ruin.masonry.collapsed_arch,O09,3,review,blocking_environment,76,65.04,1,1,True,,,world/tilesets/sunny-hills/sprites/ruins-masonry.png
ruins,sunny_hills.ruin.masonry.paving,O09,3,review,cosmetic,76,50.33,1,1,False,,,world/tilesets/sunny-hills/sprites/ruins-masonry.png
ruins,sunny_hills.ruin.masonry.stone_block,O09,3,review,blocking_environment,76,76.67,1,1,True,,,world/tilesets/sunny-hills/sprites/ruins-masonry.png
ruins,sunny_hills.ruin.masonry.wall_fragment,O09,3,review,blocking_environment,76,88.24,1,1,True,,,world/tilesets/sunny-hills/sprites/ruins-masonry.png
ruins,sunny_hills.ruin.masonry.fallen_column,O09,3,review,blocking_environment,76,60.23,1,1,True,,,world/tilesets/sunny-hills/sprites/ruins-masonry.png
ruins,sunny_hills.ruin.pottery.amphora,O10,3,review,blocking_environment,71.61,100,1,1,True,,,world/tilesets/sunny-hills/sprites/ruins-pottery.png
ruins,sunny_hills.ruin.pottery.fallen_amphora,O10,3,review,cosmetic,76,50.75,1,1,False,,,world/tilesets/sunny-hills/sprites/ruins-pottery.png
ruins,sunny_hills.ruin.pottery.vine_amphora,O10,3,review,blocking_environment,76,90.25,1,1,True,,,world/tilesets/sunny-hills/sprites/ruins-pottery.png
ruins,sunny_hills.ruin.pottery.shattered_amphora,O10,3,review,cosmetic,76,54.68,1,1,False,,,world/tilesets/sunny-hills/sprites/ruins-pottery.png
ruins,sunny_hills.ruin.pottery.round_well,O09,3,review,blocking_environment,76,65.37,1,1,True,,,world/tilesets/sunny-hills/sprites/ruins-pottery.png
ruins,sunny_hills.ruin.pottery.trough,O09,3,review,blocking_environment,76,67.25,1,1,True,,,world/tilesets/sunny-hills/sprites/ruins-pottery.png
ruins,sunny_hills.ruin.pottery.broken_trough,O09,3,review,blocking_environment,76,50.33,1,1,True,,,world/tilesets/sunny-hills/sprites/ruins-pottery.png
ruins,sunny_hills.ruin.pottery.column_stump,O09,3,review,blocking_environment,76,82.2,1,1,True,,,world/tilesets/sunny-hills/sprites/ruins-pottery.png
ruins,sunny_hills.ruin.pottery.fallen_column,O09,3,review,blocking_environment,76,67.28,1,1,True,,,world/tilesets/sunny-hills/sprites/ruins-pottery.png
ruins,sunny_hills.ruin.pottery.broken_basin,O09,3,review,blocking_environment,76,56.08,1,1,True,,,world/tilesets/sunny-hills/sprites/ruins-pottery.png
ruins,sunny_hills.ruin.pottery.jars,O10,3,review,blocking_environment,76,68.75,1,1,True,,,world/tilesets/sunny-hills/sprites/ruins-pottery.png
ruins,sunny_hills.ruin.pottery.pottery_shards,O10,3,review,cosmetic,76,56.14,1,1,False,,,world/tilesets/sunny-hills/sprites/ruins-pottery.png
ruins,sunny_hills.ruin.pottery.rubble_pier,O09,3,review,blocking_environment,76,68.78,1,1,True,,,world/tilesets/sunny-hills/sprites/ruins-pottery.png
ruins,sunny_hills.ruin.pottery.rubble_blocks,O09,3,review,blocking_environment,76,61.42,1,1,True,,,world/tilesets/sunny-hills/sprites/ruins-pottery.png
ruins,sunny_hills.ruin.pottery.leaning_slab,O09,3,review,blocking_environment,76,66.33,1,1,True,,,world/tilesets/sunny-hills/sprites/ruins-pottery.png
ruins,sunny_hills.ruin.monuments.ivy_arch,O09,3,review,blocking_environment,76,81.92,1,1,True,,,world/tilesets/sunny-hills/sprites/ruins-monuments.png
ruins,sunny_hills.ruin.monuments.fallen_column,O09,3,review,blocking_environment,76,48.84,1,1,True,,,world/tilesets/sunny-hills/sprites/ruins-monuments.png
ruins,sunny_hills.ruin.monuments.broken_arch,O09,3,review,blocking_environment,76,84.76,1,1,True,,,world/tilesets/sunny-hills/sprites/ruins-monuments.png
ruins,sunny_hills.ruin.monuments.well,O09,3,review,blocking_environment,76,50.3,1,1,True,,,world/tilesets/sunny-hills/sprites/ruins-monuments.png
ruins,sunny_hills.ruin.monuments.split_pillar,O09,3,review,blocking_environment,76,87.14,1,1,True,,,world/tilesets/sunny-hills/sprites/ruins-monuments.png
ruins,sunny_hills.ruin.monuments.obelisk,O09,3,review,blocking_environment,76,70.1,1,1,True,,,world/tilesets/sunny-hills/sprites/ruins-monuments.png
ruins,sunny_hills.ruin.monuments.lintel,O09,3,review,blocking_environment,76,79.11,1,1,True,,,world/tilesets/sunny-hills/sprites/ruins-monuments.png
ruins,sunny_hills.ruin.monuments.rubble,O09,3,review,cosmetic,76,53.38,1,1,False,,,world/tilesets/sunny-hills/sprites/ruins-monuments.png
ruins,sunny_hills.ruin.monuments.statue,O09,3,review,blocking_environment,76,80.0,1,1,True,,,world/tilesets/sunny-hills/sprites/ruins-monuments.png
ruins,sunny_hills.ruin.monuments.walled_niche,O09,3,review,blocking_environment,76,74.18,1,1,True,,,world/tilesets/sunny-hills/sprites/ruins-monuments.png
ruins,sunny_hills.ruin.monuments.steps,O09,3,review,cosmetic,76,75.26,1,1,False,,,world/tilesets/sunny-hills/sprites/ruins-monuments.png
ruins,sunny_hills.ruin.monuments.balustrade,O09,3,review,blocking_environment,76,66.44,1,1,True,,,world/tilesets/sunny-hills/sprites/ruins-monuments.png
ruins,sunny_hills.ruin.monuments.paving,O09,3,review,cosmetic,76,50.67,1,1,False,,,world/tilesets/sunny-hills/sprites/ruins-monuments.png
ruins,sunny_hills.ruin.monuments.column,O09,3,review,blocking_environment,76,86.7,1,1,True,,,world/tilesets/sunny-hills/sprites/ruins-monuments.png
ruins,sunny_hills.ruin.monuments.slab,O09,3,review,blocking_environment,76,57.0,1,1,True,,,world/tilesets/sunny-hills/sprites/ruins-monuments.png
ruins,sunny_hills.ruin.portico,O09,3,review,blocking_environment,152,148.44,2,2,True,,,world/tilesets/sunny-hills/sprites/ruins-medium.png
ruins,sunny_hills.ruin.gable,O09,3,review,blocking_environment,152,158.2,2,2,True,,,world/tilesets/sunny-hills/sprites/ruins-medium.png
ruins,sunny_hills.ruin.dais,O09,3,review,blocking_environment,152,138.5,2,2,True,,,world/tilesets/sunny-hills/sprites/ruins-medium.png
ruins,sunny_hills.ruin.arcade,O09,3,review,blocking_environment,152,128.93,2,2,True,,,world/tilesets/sunny-hills/sprites/ruins-medium.png
ruins,sunny_hills.ruin.stairway,O09,3,review,blocking_environment,152,151.01,2,2,True,,,world/tilesets/sunny-hills/sprites/ruins-medium.png
ruins,sunny_hills.ruin.ivy_gate,O09,3,review,blocking_environment,152,146.94,2,2,True,,,world/tilesets/sunny-hills/sprites/ruins-medium.png
ruins,sunny_hills.ruin.theatre,O09,3,review,blocking_environment,228,212.71,3,3,True,,,world/tilesets/sunny-hills/sprites/ruins-large.png
ruins,sunny_hills.ruin.temple,O09,3,review,blocking_environment,215.8,218,3,3,True,,,world/tilesets/sunny-hills/sprites/ruins-large.png
ruins,sunny_hills.ruin.villa,O09,3,review,blocking_environment,214.02,218,3,3,True,,,world/tilesets/sunny-hills/sprites/ruins-large.png
ruins,sunny_hills.ruin.rotunda,O09,3,review,blocking_environment,221.45,218,3,3,True,,,world/tilesets/sunny-hills/sprites/ruins-large.png
ruins,sunny_hills.ruin.fountain,O09,3,review,blocking_environment,216.67,218,3,3,True,,,world/tilesets/sunny-hills/sprites/ruins-large.png
ruins,sunny_hills.ruin.gateway,O09,3,review,blocking_environment,218.44,218,3,3,True,,,world/tilesets/sunny-hills/sprites/ruins-large.png
vineyards,sunny_hills.vineyard.vine_a,O02,1,review,blocking_environment,125,105,2,2,True,,,world/tilesets/sunny-hills/sprites/grapevines.png
vineyards,sunny_hills.vineyard.vine_b,O02,2,review,blocking_environment,125,111,2,2,True,,,world/tilesets/sunny-hills/sprites/grapevines.png
vineyards,sunny_hills.vineyard.vine_post,O06,2,review,blocking_environment,58,70,1,1,True,,,world/tilesets/sunny-hills/sprites/grapevines.png
vineyards,sunny_hills.vineyard.barrel,O06,1,review,blocking_environment,48,52,1,1,True,,,world/tilesets/sunny-hills/sprites/vineyard-props.png
vineyards,sunny_hills.vineyard.barrels,O06,2,review,blocking_environment,66,60,1,1,True,,,world/tilesets/sunny-hills/sprites/vineyard-props.png
vineyards,sunny_hills.vineyard.crate,O06,2,review,blocking_environment,54,50,1,1,True,,,world/tilesets/sunny-hills/sprites/vineyard-props.png
vineyards,sunny_hills.vineyard.cart,O06,2,review,blocking_environment,120,81,2,1,True,,,world/tilesets/sunny-hills/sprites/vineyard-props.png
vineyards,sunny_hills.vineyard.press,O06,2,review,blocking_environment,63,82,1,1,True,,,world/tilesets/sunny-hills/sprites/vineyard-props.png
vineyards,sunny_hills.vineyard.well,O06,2,review,blocking_environment,94,108,2,2,True,,,world/tilesets/sunny-hills/sprites/vineyard-props.png
vineyards,sunny_hills.vineyard.fence,O06,2,review,blocking_environment,120,102,2,1,True,,,world/tilesets/sunny-hills/sprites/vineyard-props.png
vineyards,sunny_hills.vineyard.hay,O06,2,review,blocking_environment,100,72,2,1,True,,,world/tilesets/sunny-hills/sprites/vineyard-props.png
vineyards,sunny_hills.vineyard.winery,O01,1,review,blocking_environment,184,155,3,2,False,,,world/tilesets/sunny-hills/sprites/vineyard-villas.png
vineyards,sunny_hills.vineyard.cellar,O01,2,review,blocking_environment,174,135,3,2,False,,,world/tilesets/sunny-hills/sprites/vineyard-villas.png
vineyards,sunny_hills.vineyard.arch,O09,2,review,blocking_environment,178,165,3,1,True,,,world/tilesets/sunny-hills/sprites/vineyard-villas.png
vineyards,sunny_hills.vineyard.ruin,O09,2,review,blocking_environment,125,99,2,1,True,,,world/tilesets/sunny-hills/sprites/vineyard-villas.png
vineyards,sunny_hills.vineyard.grass_a,O05,1,review,cosmetic,28,28,1,1,False,,,world/tilesets/sunny-hills/sprites/vineyard-groundcover.png
vineyards,sunny_hills.vineyard.grass_b,O05,2,review,cosmetic,34,31,1,1,False,,,world/tilesets/sunny-hills/sprites/vineyard-groundcover.png
vineyards,sunny_hills.vineyard.daisies,O05,2,review,cosmetic,33,35,1,1,False,,,world/tilesets/sunny-hills/sprites/vineyard-groundcover.png
vineyards,sunny_hills.vineyard.lavender,O05,2,review,cosmetic,33,36,1,1,False,,,world/tilesets/sunny-hills/sprites/vineyard-groundcover.png
vineyards,sunny_hills.vineyard.poppies,O05,2,review,cosmetic,32,35,1,1,False,,,world/tilesets/sunny-hills/sprites/vineyard-groundcover.png
vineyards,sunny_hills.vineyard.shrub,O04,2,review,cosmetic,44,44,1,1,False,,,world/tilesets/sunny-hills/sprites/vineyard-groundcover.png
